Apple 아이폰 13 256GB [자급제],"1,155,430원",https://cr.shopping.naver.com/adcr.nhn?x=mRioRhhsByTnCih99b5xnf%2F%2F%2Fw%3D%3DsKjPgTgg1mpWRoTIYFspzALpQ1Q4D7%2BVlwz0a5mnNpLxhJz9H0Ub4KLvuVTVtNMxMEVm0ajNYk5WCfjTjPy0a2ubAIXdMo8liOwEVHzv1DVxBS2Mm2CL7kSmjTe3JwZDF6XWx5P%2F15dPLiJkroaLl6si30QtKP1mA7BYZPpxeJLexWvZfe2todmJfmpbNrXnqXKJBKazWTMr3TF%2BX7oeAGbix7jXt7MNVc9AIu4EfDZlNEwRr%2B3STfYHGn%2FB5b3e4V8uTZ5YDv%2Fwlp%2BnTlA%2FfrhjiGsLeeEbAVkgi6eb5aJdr6kdrp7BvT8OlwZ7P37YyZp%2FuhVWf5tMOyu5R2EADu%2FqHM4bJwulXp5dwae9cXG%2FUQvs8GHq%2Bj7OvUNvyviyxS6nKoqtur6iGShqz9U6Fbkfowj1KoKb45p%2BXgMZysfkEdLuJh13gFOuABI1Cabywr1zQ3TaGfkdsxOv%2Bp53WSu5jnTGDpKGObFTyhFRkGDTL%2FnGINkSYp%2Bd2xAAY7UDn1UxaqwwRAbTAeA%2FJh4PWJjV9meNbuYiaISVHvnvjUxydSlPOZBN6V54TTL6u%2FzFsCXIMYKkzT061mzrwfgc%2F8CNyKZ7Yyya4rgLqW6Q0s%2BEDfkLIyuldBS3f8m8e6nLmzUhNzs2VE%2B%2Bisqs3JAEppg%3D%3D&nvMid=29029192591&catId=50001519
Apple 아이폰 13 미니 128GB [자급제],"891,800원",https://cr.shopping.naver.com/adcr.nhn?x=DAlyrR4rMOHyAFwBDsayb%2F%2F%2F%2Fw%3D%3Ds8CNU2YijeBLz4uDkta%2B50NeRER6N3X5wiRptIyGSyb1hJz9H0Ub4KLvuVTVtNMxMJN35tDheAApIDkddxmGV2ebAIXdMo8liOwEVHzv1DVxBS2Mm2CL7kSmjTe3JwZDF6XWx5P%2F15dPLiJkroaLl6si30QtKP1mA7BYZPpxeJLexWvZfe2todmJfmpbNrXnq2drsUEzev9hA0cDt%2BuxFM7ix7jXt7MNVc9AIu4EfDZlNEwRr%2B3STfYHGn%2FB5b3e4V8uTZ5YDv%2Fwlp%2BnTlA%2FfrhjiGsLeeEbAVkgi6eb5aJdr6kdrp7BvT8OlwZ7P37YyZp%2FuhVWf5tMOyu5R2EADu3oCmgxWxBQ41nzb8RvCV1vUQvs8GHq%2Bj7OvUNvyviyxS6nKoqtur6iGShqz9U6FbvUQcCC5f%2Bb7s2cdgPAXB0cEdLuJh13gFOuABI1Cabywr1zQ3TaGfkdsxOv%2Bp53WSm%2BxLbYFZPvhaF%2Blk8YdfMPPU6pntGCurhu%2FV8uonTYh5X6MB3JdbnBohOi8QY2mspjrZTsSSvOxDad5jI6lqm%2B67qFZNDARYcZkRQNTwYwpfv4pYkwV6e5PPw6oe0n9AFFEFXag7q07bSlkAithJcBWhZ3SMHTcLlpircdRzUgq1JIslBmdxaTx7xO1%2BPPoWw%3D%3D&nvMid=29030650586&catId=50001519
Apple 아이폰 13 미니 256GB [자급제],"1,049,890원",https://cr.shopping.naver.com/adcr.nhn?x=F4a1mmjONU1YNbXhqKWk7v%2F%2F%2Fw%3D%3DslFE8fywHB1lg8QSnZwXNl8Vf51U2qX53l%2F%2Bq644Q%2Fn1hJz9H0Ub4KLvuVTVtNMxMSHZ3232WgyPtf2PnpRw5yubAIXdMo8liOwEVHzv1DVxBS2Mm2CL7kSmjTe3JwZDF6XWx5P%2F15dPLiJkroaLl6si30QtKP1mA7BYZPpxeJLexWvZfe2todmJfmpbNrXnq057%2FmlbCMWUqQYtn8CmoI7ix7jXt7MNVc9AIu4EfDZlNEwRr%2B3STfYHGn%2FB5b3e4V8uTZ5YDv%2Fwlp%2BnTlA%2FfrhjiGsLeeEbAVkgi6eb5aJdr6kdrp7BvT8OlwZ7P37YyZp%2FuhVWf5tMOyu5R2EADu51UGR2Xn6Y%2BBQtiZYTfgoLUQvs8GHq%2Bj7OvUNvyviyxS6nKoqtur6iGShqz9U6FbqmQYK9bV69tGFFws7NAPZUEdLuJh13gFOuABI1Cabywr1zQ3TaGfkdsxOv%2Bp53WSncsz9SaQCgs7V%2F%2B%2F15Qw2jPU6pntGCurhu%2FV8uonTYh5X6MB3JdbnBohOi8QY2msnOC%2F%2FhdU3kTaWmLhtZFrBk1QIwB6rbCr4miiZmdcvtV%2Fqy4FAfVXrxVJ0%2FiEW4NWOaQAxdXyoLpdFucZ7xr6O8DfkLIyuldBS3f8m8e6nLmzUhNzs2VE%2B%2Bisqs3JAEppg%3D%3D&nvMid=29030437590&catId=50001519
Apple 아이폰 13 128GB [자급제],"1,029,000원",https://cr.shopping.naver.com/adcr.nhn?x=LvOqBaU%2By75q%2BvoRCGqzmv%2F%2F%2Fw%3D%3Dsb5f2790tz85Rd61KnZLe45vLCZE3FkYburAoZafSjmtWQE1WikGGRjsm7ORTamZ7mWBYmkC6rzIjR1qRkgaxTd4BA%2BtZJ6z0uwjxJN%2FQWolB1nLO4P3mbky3ktE35aK0DIZ9KCzKE2i3fEBt%2BdrAZEPg%2F6PYJW9LpCSumzPJoiiI9aZyW4hhCgmcrsQhWGWG7TgBVo8UmYdzXRq3xjDWuvKAXVfyDB1yTbVYYpYzcFnUHxlEatbmVq7jmztE%2FywsFEkXSqf2Jmm4LZhyW5PBvtsGifgqn7MmDUNT3qkIiSjBz7%2BORHa%2BX777%2F5U82WuFbbDDykV9Wy%2B70KGH0510uEow6r%2FJd0YR90oWXdc46vz1QQzCLreNp8sjPDBjStixjQaGLcMmduX4DYWfbsi2VFoO%2FDp4mLijeM28ltrw%2FnJFiBdPxTSuvYOb67FAYBAGicyoxpgWhb%2FJFrbN3vpwU3GwXssWiUWB5AWWes%2FwlZHyNHyBUXwWVD2ki0TxnNzyJtmHLiUwOdsFEOplcPeQD80CjWHxFxCceK8XxLXsalhicchwRNwmJ84TyxvjggzFndUh%2FJZFWaWc9AIZXNF%2B8E0lpxqFWD%2B3i7mcIxJDt8KCqA6%2BrrPkSkQjk3bFq%2FUy&nvMid=29030374587&catId=50001519
Apple 아이폰 13 프로 256GB [자급제],"1,760,000원",https://cr.shopping.naver.com/adcr.nhn?x=5CgOjdHhFJP%2BBTKUrrEdKf%2F%2F%2Fw%3D%3DsHj3Wxd%2BAA%2F%2FY9s8lkF5XjMsbocj0u%2BKaHvGJ16O68wRWQE1WikGGRjsm7ORTamZ7Y6vuV21thaHZFDUC2FTL6d4BA%2BtZJ6z0uwjxJN%2FQWolB1nLO4P3mbky3ktE35aK0DIZ9KCzKE2i3fEBt%2BdrAZEPg%2F6PYJW9LpCSumzPJoiiI9aZyW4hhCgmcrsQhWGWGObEszBFb2RlRYVOgd6veGfKAXVfyDB1yTbVYYpYzcFnUHxlEatbmVq7jmztE%2FywsFEkXSqf2Jmm4LZhyW5PBvtsGifgqn7MmDUNT3qkIiSjBz7%2BORHa%2BX777%2F5U82WuFiCapTRl8j%2FHmsaDy2Z5UHE0hOh6M%2Fb7QZ24kGLTnvab1QQzCLreNp8sjPDBjStixjQaGLcMmduX4DYWfbsi2VN%2F%2FYQGXZHgYXhkyyFcKBlxFiBdPxTSuvYOb67FAYBAGpxy2zgNMJa1at1GSrSd0QLDi%2F4S2DCpuYr7VbV1dmlND%2FkFMO4s7sTx4sbc7XXXQvaOjGxMtdSZf0nL3LrxHbN7Xxrx84iOU1QxNSqV5BwjC0hiHfmfzmAI0X1cC502KHYS%2Ffe75Izag9ltmMMzG%2F7YGMScdxJ2j3oA2dCQ4IIbke%2FVP%2BgM94BPZkP5YJ%2Bex&nvMid=29030492586&catId=50001519
Apple 아이폰 13 프로 128GB [자급제],"1,490,000원",https://cr.shopping.naver.com/adcr.nhn?x=K%2F%2BfsKmVRkXNzExE4pqkAv%2F%2F%2Fw%3D%3DsyMkn707ItIvmmdBmn%2B%2BeD%2FN6fWCsyvyUANuNMxJcPHsbsBKbbjTB%2BBCjsLv6tz%2BjE6mjPtuCzp2gcuAkfS%2BG4UllcdHnq5bSBN2yJPNRa9NM3XyyiTYoRJOHZQ%2BS8DNbmns6bsPhmZHnpMQR%2Bzm1BUgAn8lD2%2BxrgblrBqYwPdWug%2B9sjA7rHdeMLkY%2BwIMU07oJ3o0uS6qCsqzVDCUSCzQZD6UDT51Dg8nNb9lI8fV%2BFLPJmN7kd5F0maTGsL0cwo4nN%2Fh3bGpDhkrJIFcQMYDdBfq9YfxvNmfUbQrZ6Jc%2Fa18qhDQ1A%2FKJp3fgBDor391W%2FC1w5SVs2sYtTdFSeg3%2FMmh2EzbUYaBF6P6LFZEVjQCpIk5kx4sJW2hrRfnKYYyQomAOCRwvaXv4BU13vxZCMZEaRWmpjeUjAQujE%2FSZzZyDfGo1SQoYRvXGDzWdJDnYvpfz%2Bh%2BZ6wVz3KJUXov5TurvHzcmsFW4yXHzYi0PVL%2B%2Frl5PLPXtI0kaP8PkmKdeEMdUbtmzDI4Aa7HQcdSxxJWA%2FjS3fXgbeCkvJ%2FLXrAH8OQ5%2F6N%2BgjufUV40gjr%2Fvhuz%2FM2bOeEg7k3nONf%2BoaaSi0bjX7GMGfZoFk%2F30UbNk5di1V8jUMbmtHii%2FBq7h9PA5SrIXrcWPClBGWw%3D%3D&nvMid=29030420587&catId=50001519
Apple 아이폰 13 프로 맥스 256GB [자급제],"1,794,500원",https://cr.shopping.naver.com/adcr.nhn?x=aghQc0XKHYwEWm2qquvipP%2F%2F%2Fw%3D%3Ds%2Fy8CFQd4dVfW2MQLu47wAFQ061PqVkPit1GP3HoWssJhJz9H0Ub4KLvuVTVtNMxM52yXk7PvGJcU9eoK%2Bpbg5ObAIXdMo8liOwEVHzv1DVxBS2Mm2CL7kSmjTe3JwZDF6XWx5P%2F15dPLiJkroaLl6si30QtKP1mA7BYZPpxeJLexWvZfe2todmJfmpbNrXnqiTiHgV17tngZX6ODLdebGbix7jXt7MNVc9AIu4EfDZlNEwRr%2B3STfYHGn%2FB5b3e4V8uTZ5YDv%2Fwlp%2BnTlA%2FfrhjiGsLeeEbAVkgi6eb5aJdr6kdrp7BvT8OlwZ7P37YyZp%2FuhVWf5tMOyu5R2EADu2Ne09sqZmqrZVAvu4ISHQrUQvs8GHq%2Bj7OvUNvyviyxS6nKoqtur6iGShqz9U6FbjKf%2Fkn2s2wvwRlCvF4LRzAEdLuJh13gFOuABI1Cabywr1zQ3TaGfkdsxOv%2Bp53WSmn2a%2BVfQD8FsYi0Ypk%2BtxF6jvySWdAuqdDBn5xzOS4Io64ifB9DVeZ8ffla9GlFdr7zOWRTxD89q9Hz5pZzOXVQjvh3XwkUnlNslbVdzV1aiA3%2FU2AzguC84AnoS7Lq%2BXaovXOXzd5VJhxvb9uShEA1m0VtJJbHyMAkBpfiTcjxDhLBwu%2FFQS5xWYf5w6G3jQ%3D%3D&nvMid=29030294588&catId=50001519
Apple 아이폰 13 미니 512GB [자급제],"1,332,800원",https://cr.shopping.naver.com/adcr.nhn?x=ILXZdC7mVQEJXEVoV%2Bckjv%2F%2F%2Fw%3D%3DseG6cA0eVoG5TsXPcX2OxUKMQMxK7lfhq4UybHUry2FAbsBKbbjTB%2BBCjsLv6tz%2BjknQ8%2BtEuz8mIxAHKD1ZrT8bbscJ31MzHxS9bweOKXw5M3XyyiTYoRJOHZQ%2BS8DNbmns6bsPhmZHnpMQR%2Bzm1BUgAn8lD2%2BxrgblrBqYwPdWug%2B9sjA7rHdeMLkY%2BwIMUq27XJlSixqK%2BeCw1YH8CQTQZD6UDT51Dg8nNb9lI8fV%2BFLPJmN7kd5F0maTGsL0cwo4nN%2Fh3bGpDhkrJIFcQMYDdBfq9YfxvNmfUbQrZ6Jc%2Fa18qhDQ1A%2FKJp3fgBDor391W%2FC1w5SVs2sYtTdFSevv0UUGxObrfvj%2FapxEzUr4VjQCpIk5kx4sJW2hrRfnKYYyQomAOCRwvaXv4BU13vzRS%2FZccBEWDZQCV%2Fm86gXyZzZyDfGo1SQoYRvXGDzWdJDnYvpfz%2Bh%2BZ6wVz3KJUXmUbYPV0N%2BSR2v48tmtAQjMPVL%2B%2Frl5PLPXtI0kaP8PkmKdeEMdUbtmzDI4Aa7HQcXhGaUF5ZHGd4eFXXJXG72cUvnJtmxu%2FuN6FRokBKoJCjr%2Fvhuz%2FM2bOeEg7k3nONQhZSgbLT9WlOgl3XIdXVuf0UbNk5di1V8jUMbmtHii%2FBq7h9PA5SrIXrcWPClBGWw%3D%3D&nvMid=29030296587&catId=50001519
Apple 아이폰 13 프로 512GB [자급제],"1,736,300원",https://cr.shopping.naver.com/adcr.nhn?x=vFlsdrHcKR7IpzN5ATiCUP%2F%2F%2Fw%3D%3DsKEri%2BIkGBDPa1M2OJs7qx0W3S7R2g%2BEFzqGISl1pKkRhJz9H0Ub4KLvuVTVtNMxMmLnkCmtqlTqGwZAa%2FDpZiubAIXdMo8liOwEVHzv1DVxBS2Mm2CL7kSmjTe3JwZDF6XWx5P%2F15dPLiJkroaLl6si30QtKP1mA7BYZPpxeJLexWvZfe2todmJfmpbNrXnqlDPFdx1sLuYHxlc7aw3L%2Brix7jXt7MNVc9AIu4EfDZlNEwRr%2B3STfYHGn%2FB5b3e4V8uTZ5YDv%2Fwlp%2BnTlA%2FfrhjiGsLeeEbAVkgi6eb5aJdr6kdrp7BvT8OlwZ7P37YyZp%2FuhVWf5tMOyu5R2EADu4rqbs6UF0X5UWqdH%2BUbzBjUQvs8GHq%2Bj7OvUNvyviyxS6nKoqtur6iGShqz9U6Fbj%2BC5IedpcH5QnqiYVB%2FA2AEdLuJh13gFOuABI1Cabywr1zQ3TaGfkdsxOv%2Bp53WSgYUG%2FO4Ti9LGeGGovFy4O7PU6pntGCurhu%2FV8uonTYh5X6MB3JdbnBohOi8QY2msgWyMZH1Q%2BKuuZPsfbiHy28RgZTeesP9Lg5LN%2BkoxOUBehkzm6TPp1h0P2FevnkdL5OGbMtJBpiIuOlicD0iFKUDfkLIyuldBS3f8m8e6nLmzUhNzs2VE%2B%2Bisqs3JAEppg%3D%3D&nvMid=29030416587&catId=50001519
Apple 아이폰 13 프로 1TB [자급제],"1,852,500원",https://cr.shopping.naver.com/adcr.nhn?x=SAjQnQgs%2BAZiq%2B7F9VG8i%2F%2F%2F%2Fw%3D%3DsPmIj9ld%2FfeArOX%2BONOcq8OFspVPYqX0t88YZymX8XhRhJz9H0Ub4KLvuVTVtNMxMAIDzKiZIzd753s0KLn2Ss%2BbAIXdMo8liOwEVHzv1DVxBS2Mm2CL7kSmjTe3JwZDF6XWx5P%2F15dPLiJkroaLl6si30QtKP1mA7BYZPpxeJLexWvZfe2todmJfmpbNrXnqM3WLqq0EN7lRPuVNhhc%2BTLix7jXt7MNVc9AIu4EfDZlNEwRr%2B3STfYHGn%2FB5b3e4V8uTZ5YDv%2Fwlp%2BnTlA%2FfrhjiGsLeeEbAVkgi6eb5aJdr6kdrp7BvT8OlwZ7P37YyZp%2FuhVWf5tMOyu5R2EADu46wEh0Na7b5cLKtAa8tJ1jUQvs8GHq%2Bj7OvUNvyviyxS6nKoqtur6iGShqz9U6FbgzuREuBKDA9JWgcvGjgu1YEdLuJh13gFOuABI1Cabywr1zQ3TaGfkdsxOv%2Bp53WSgW1dOuSq%2FB0zr0ktzqvDtr1JtnyFV8OD7Bngtl8x0Qvfm8I4%2BLwqxkEirhSi8uz%2FCuqZtRfe%2FdwTzo6zZwf%2FpaUy967mlSa3mZfqZTLi6DquvfUoRAS8U07QIrCMYqJrc%2FMRj1kpg6Xg7%2F3TWCo6m9WhZ3SMHTcLlpircdRzUgq1JIslBmdxaTx7xO1%2BPPoWw%3D%3D&nvMid=29029192588&catId=50001519
Apple 아이폰 13 512GB [자급제],"1,349,900원",https://cr.shopping.naver.com/adcr.nhn?x=s1uLVKvm13jMM8W1TYjFCv%2F%2F%2Fw%3D%3DsZRoHlw7ObSWmzX3HkSN%2FwX73aPROpL6lS%2FZYEFe7dkcbsBKbbjTB%2BBCjsLv6tz%2BjENsUAyzMuaiXZcU0vU%2BIYaMsPs7ge0kxSa1ShBrq9hJM3XyyiTYoRJOHZQ%2BS8DNbmns6bsPhmZHnpMQR%2Bzm1BUgAn8lD2%2BxrgblrBqYwPdWug%2B9sjA7rHdeMLkY%2BwIMUMitlUrK3fytmuS7rXutm0DQZD6UDT51Dg8nNb9lI8fV%2BFLPJmN7kd5F0maTGsL0cwo4nN%2Fh3bGpDhkrJIFcQMYDdBfq9YfxvNmfUbQrZ6Jc%2Fa18qhDQ1A%2FKJp3fgBDor391W%2FC1w5SVs2sYtTdFSemNIbaubTpxajWiFZc1ivfQVjQCpIk5kx4sJW2hrRfnKYYyQomAOCRwvaXv4BU13vw2Khdz52rX5sOqml3Nqyl6ZzZyDfGo1SQoYRvXGDzWdJDnYvpfz%2Bh%2BZ6wVz3KJUXtDtNJ3ikS3CYZIkRqfStoeZZd0C6e2Zyps4U6T5DErBvcQeIaAGIIQRnJcrzv7qxafXZ1hLNoMRMovisqcm7%2BxP4PMPHCnudPTZjGRUD3iUyubLVw9%2BsR9YDDLV87c2fyCrRLXrOcfsNW3fhfXbLXXke%2FVP%2BgM94BPZkP5YJ%2Bex&nvMid=29030496586&catId=50001519
Apple 아이폰 13 프로 맥스 512GB [자급제],"1,870,000원",https://cr.shopping.naver.com/adcr.nhn?x=SVURrgHrEzBIzGP7tc2wDf%2F%2F%2Fw%3D%3DsXlf%2BydW7ph0AUH8du%2Fennirl%2Bj5q2ACwx8MYynIn4c9hJz9H0Ub4KLvuVTVtNMxMh71N6RXv3VTlTvkf3NXlm%2BbAIXdMo8liOwEVHzv1DVxBS2Mm2CL7kSmjTe3JwZDF6XWx5P%2F15dPLiJkroaLl6si30QtKP1mA7BYZPpxeJLexWvZfe2todmJfmpbNrXnqmD3tRrdK1cFWEMxpF2wcAbix7jXt7MNVc9AIu4EfDZlNEwRr%2B3STfYHGn%2FB5b3e4V8uTZ5YDv%2Fwlp%2BnTlA%2FfrhjiGsLeeEbAVkgi6eb5aJdr6kdrp7BvT8OlwZ7P37YyZp%2FuhVWf5tMOyu5R2EADu4DYD7INpiEZ5wTx%2BqgL%2BgnUQvs8GHq%2Bj7OvUNvyviyxS6nKoqtur6iGShqz9U6FbmX3EJ5ke9Ts2wyqqCoZInIEdLuJh13gFOuABI1Cabywr1zQ3TaGfkdsxOv%2Bp53WSsJAdVJBQjLvH97jzqUKE8gJ6z4tlOGyZW9YfP2%2B8HiIo64ifB9DVeZ8ffla9GlFdvOw2kXrwLnRLwg0WtAWR1iTozAq6YXwiuYnXha7mKRWiA3%2FU2AzguC84AnoS7Lq%2BbGHYhD9l0lnoIADMAYk8I%2BaoC7aTjnUVufWfQgOCdOChWw3%2BIByOa0jCVNQVnCDoA%3D%3D&nvMid=29029192586&catId=50001519
Apple 아이폰 13 미니 128GB [SKT],"414,700원",https://cr.shopping.naver.com/adcr.nhn?x=e06pkV66So0kE99eSyX36P%2F%2F%2Fw%3D%3DszbjYEbh5N17Bt5vUvxHT3huCBDd0zaNq91BpFpE5MBYbsBKbbjTB%2BBCjsLv6tz%2BjJUx4skqxyjagLuZNzymx9DxDgNqo1LVEwBjuyh774jFM3XyyiTYoRJOHZQ%2BS8DNbmns6bsPhmZHnpMQR%2Bzm1BUgAn8lD2%2BxrgblrBqYwPdWug%2B9sjA7rHdeMLkY%2BwIMUn1m6eFhOB2lnAh4aS7SkyTQZD6UDT51Dg8nNb9lI8fV%2BFLPJmN7kd5F0maTGsL0cwo4nN%2Fh3bGpDhkrJIFcQMYDdBfq9YfxvNmfUbQrZ6Jc%2Fa18qhDQ1A%2FKJp3fgBDor391W%2FC1w5SVs2sYtTdFSeh16CdEae1sfN7MoxgEh3eEVjQCpIk5kx4sJW2hrRfnKpDBqSwVsacc%2B%2F0aFtm3FG1DKHYMe9A%2B9wI2lXYNlxEaZzZyDfGo1SQoYRvXGDzWdJDnYvpfz%2Bh%2BZ6wVz3KJUXin8EdyRWG5lsebtab06NGUVt9pTkpnGVmYPn3YYYHlEIN7H7S8eLhVXZgG6RF8zXRYCbprdnFNOwsNucFxHJfBP4PMPHCnudPTZjGRUD3iUmnn%2Fy8SE0yuNWGETg9CWXIEixvDEmaLCSHPVeBPnTkjke%2FVP%2BgM94BPZkP5YJ%2Bex&nvMid=29030427586&catId=50000246
Apple 아이폰 13 128GB [LG U+],"148,180원",https://cr.shopping.naver.com/adcr.nhn?x=f7fiNm8pLC%2BDvq2MrLdq0P%2F%2F%2Fw%3D%3DsyxoFvBqen0rHvHXJTFSXQZbBGmAFwLkfPXwtduFGgnFWQE1WikGGRjsm7ORTamZ79wEA%2Ft08wUgXR1k2rE1gL94BA%2BtZJ6z0uwjxJN%2FQWolB1nLO4P3mbky3ktE35aK0DIZ9KCzKE2i3fEBt%2BdrAZEPg%2F6PYJW9LpCSumzPJoiiI9aZyW4hhCgmcrsQhWGWGwosKqTnb%2BAqxbJsu%2BamdqfKAXVfyDB1yTbVYYpYzcFnUHxlEatbmVq7jmztE%2FywsFEkXSqf2Jmm4LZhyW5PBvtsGifgqn7MmDUNT3qkIiSjBz7%2BORHa%2BX777%2F5U82WuFV3yXgGYZVgzlFY2p4g6iZCjYF6HPBWHnBIEtt8XcVqn1QQzCLreNp8sjPDBjStixj1OT%2BvUJUOEzwKKBwf%2FstQkGHMdvFyZLkC0CpI%2FWUflFiBdPxTSuvYOb67FAYBAGicyoxpgWhb%2FJFrbN3vpwUz5hL%2F4sdg5HboNlguiWgZhBskTaofqwA6IQD8JZOZb7gUdLvwoY2d2Tdzv7A8ePXNikwjkz7CX7tVXSAUKXcaq%2FhgaMkJIhbUi8HFdPXAb39FwnBWIPgZG0HzA1SCbuZmO0QScdmj79W4Ike%2ByYeOsNUJgJp6CUXauCvW7Y5AjN&nvMid=29030372586&catId=50000248
Apple 아이폰 13 프로 맥스 1TB [자급제],"2,126,600원",https://cr.shopping.naver.com/adcr.nhn?x=J3nsFIHf0Fc42QcLKFXxuv%2F%2F%2Fw%3D%3Dsy%2F24OBhp1gsMi2f3t8FxbgkuqmZwLEA1NJZBiFaAS5hhJz9H0Ub4KLvuVTVtNMxMW3b9JsYfrMoYTxVQHpUGsObAIXdMo8liOwEVHzv1DVxBS2Mm2CL7kSmjTe3JwZDF6XWx5P%2F15dPLiJkroaLl6si30QtKP1mA7BYZPpxeJLexWvZfe2todmJfmpbNrXnqArgGaDBKbEfnwAwTC02FZ7ix7jXt7MNVc9AIu4EfDZlNEwRr%2B3STfYHGn%2FB5b3e4V8uTZ5YDv%2Fwlp%2BnTlA%2FfrhjiGsLeeEbAVkgi6eb5aJdr6kdrp7BvT8OlwZ7P37YyZp%2FuhVWf5tMOyu5R2EADu7qjnB4WPXDaY9Md%2BQPJTbvUQvs8GHq%2Bj7OvUNvyviyxS6nKoqtur6iGShqz9U6FbrnuifVNEmIlG8NAGmDbIe8EdLuJh13gFOuABI1Cabywr1zQ3TaGfkdsxOv%2Bp53WSph2%2B170Lc%2Fh1s0cur%2FyDfkUOWN9OD4ZGbyjxtdt5BjzuwP9L0j7YvHB2OKNn2rLcJVPqN5HXK5km94mKbBs5SVRlY8AX6vZe3ajv8lv%2B0AOEaThcwm2jOjlPe7qD4n46%2FERNegHkhXgp3pab8zef76dQ%2FEyiathdhN3ilWjmZdHgqgOvq6z5EpEI5N2xav1Mg%3D%3D&nvMid=29029192590&catId=50001519
Apple 아이폰 13 프로 맥스 256GB [LG U+],"935,180원",https://cr.shopping.naver.com/adcr.nhn?x=BVQqzUNWmJ8xkTJUuay2CP%2F%2F%2Fw%3D%3Dsz7M%2BP%2Be4YqrLXvPL3oQgcJa6H2clXCCTX0jf%2BuioCNxWQE1WikGGRjsm7ORTamZ78rw1I2%2ByWTsTSh0mTGMgE94BA%2BtZJ6z0uwjxJN%2FQWolB1nLO4P3mbky3ktE35aK0DIZ9KCzKE2i3fEBt%2BdrAZEPg%2F6PYJW9LpCSumzPJoiiI9aZyW4hhCgmcrsQhWGWGXQj7EDi%2F5gx5578oQw9R0%2FKAXVfyDB1yTbVYYpYzcFnUHxlEatbmVq7jmztE%2FywsFEkXSqf2Jmm4LZhyW5PBvtsGifgqn7MmDUNT3qkIiSjBz7%2BORHa%2BX777%2F5U82WuFG5J7vWA%2FziCxsT0IyZLv814G3wY%2FyKFOfThHvhrylQz1QQzCLreNp8sjPDBjStixj1OT%2BvUJUOEzwKKBwf%2FstRji830A6xnpZ52pJU%2F4dRpFiBdPxTSuvYOb67FAYBAGpxy2zgNMJa1at1GSrSd0QNv7Ffkwy78LPGKRuNB%2BDa%2F%2FzaVgfXndF2fkBs0qzZTvfpF8bfclcJjAeddKIqLqoCyrd0CRxg0pKnMmtk1KEGaLMFtr79Q3nfgWEmGcAw%2FfniLLbnJMr%2FhnQqJa8gFJ7LQicLwBk6VL9hub%2FUN180gDfkLIyuldBS3f8m8e6nLmzUhNzs2VE%2B%2Bisqs3JAEppg%3D%3D&nvMid=29030190586&catId=50000248
Apple 아이폰 13 프로 맥스 128GB [자급제],"1,890,000원",https://cr.shopping.naver.com/adcr.nhn?x=lftYrVN%2FLWb1R9rRVVxWAP%2F%2F%2Fw%3D%3Dszv0pIB7yym3rYRz%2F53b88JEhRLNqQCs0d0R8IFzz05kbsBKbbjTB%2BBCjsLv6tz%2BjICLd4l0JDLGNQ6s%2BT0Q1qC5e90ofEx6gvQl%2BvhOJnVFM3XyyiTYoRJOHZQ%2BS8DNbmns6bsPhmZHnpMQR%2Bzm1BUgAn8lD2%2BxrgblrBqYwPdWug%2B9sjA7rHdeMLkY%2BwIMUnr7qtY8dVn8btdAmR5NIrzQZD6UDT51Dg8nNb9lI8fV%2BFLPJmN7kd5F0maTGsL0cwo4nN%2Fh3bGpDhkrJIFcQMYDdBfq9YfxvNmfUbQrZ6Jc%2Fa18qhDQ1A%2FKJp3fgBDor391W%2FC1w5SVs2sYtTdFSekRpo%2FKm6HHu5vtQvnZBigUVjQCpIk5kx4sJW2hrRfnKYYyQomAOCRwvaXv4BU13v13vpX8wxNxp8OPthzopGpuZzZyDfGo1SQoYRvXGDzWdJDnYvpfz%2Bh%2BZ6wVz3KJUXsds9B%2BMUzAQtFYI3wiD8caQ%2FT8cRphjMXBFuIxjnx36FFcURuJXcA9fpBODYEj4uvaO9cTJ6rSlBsd0TC0nBIxHo7aDuukrKgBf52NCmKJGAYTYOqTv%2FsOm0kcFv3bjpMQ85Wp7Jh2qTrwdWK8KRfWyTuKeRpew62nAvriGWXh6zY6of2Xpggjm6A4Z8HgJhg%3D%3D&nvMid=29030367587&catId=50001519
Apple 아이폰 13 미니 128GB [LG U+],"99,950원",https://cr.shopping.naver.com/adcr.nhn?x=F7e5DDEdnYITgBQcAsSpGf%2F%2F%2Fw%3D%3DsPWPCP6iI0WiQRQCn3wiNcKtAz5eq59fbIlmghK4kx7phJz9H0Ub4KLvuVTVtNMxMRKKPEVb6KN7Z%2FSszg2S5b%2BbAIXdMo8liOwEVHzv1DVxBS2Mm2CL7kSmjTe3JwZDF6XWx5P%2F15dPLiJkroaLl6si30QtKP1mA7BYZPpxeJLexWvZfe2todmJfmpbNrXnq%2BhHtf9UPvVuecHCypfH0H7ix7jXt7MNVc9AIu4EfDZlNEwRr%2B3STfYHGn%2FB5b3e4V8uTZ5YDv%2Fwlp%2BnTlA%2FfrhjiGsLeeEbAVkgi6eb5aJdr6kdrp7BvT8OlwZ7P37YyZp%2FuhVWf5tMOyu5R2EADu6rt3OLDySxxQg211BEjcPXUQvs8GHq%2Bj7OvUNvyviyxeoI3z%2BL14z9v%2Fx%2BL9Zw%2FKjmQgy2ww7XOc5BRxFIVj98EdLuJh13gFOuABI1Cabywr1zQ3TaGfkdsxOv%2Bp53WSsjfwhLOac6Uux%2FFPvarerb5YbLlxragaaIQX6kJDBj8D6QkZjCZcMNTR4jeTmX45b1n2JM4re%2BBvO4BmCQTffABhNg6pO%2F%2Bw6bSRwW%2FduOkuRqfIuy83d6TxolrRKBCL4YxG2ON4WP8V2KXQpvLLl%2FNjqh%2FZemCCOboDhnweAmG&nvMid=29030431586&catId=50000248
Apple 아이폰 13 미니 256GB [LG U+],"248,050원",https://cr.shopping.naver.com/adcr.nhn?x=ob9DvmI%2BRJJmhZygkbqJjv%2F%2F%2Fw%3D%3DsE5jnpIuo0pCrtMQHn%2BYJDY3mH0KOD4jhJMiKarmtxBRhJz9H0Ub4KLvuVTVtNMxMO5%2FDTMQvuF%2F3h5KpZOOatebAIXdMo8liOwEVHzv1DVxBS2Mm2CL7kSmjTe3JwZDF6XWx5P%2F15dPLiJkroaLl6si30QtKP1mA7BYZPpxeJLexWvZfe2todmJfmpbNrXnq7r8%2BMjx%2B1KQXJkem2XwtE7ix7jXt7MNVc9AIu4EfDZlNEwRr%2B3STfYHGn%2FB5b3e4V8uTZ5YDv%2Fwlp%2BnTlA%2FfrhjiGsLeeEbAVkgi6eb5aJdr6kdrp7BvT8OlwZ7P37YyZp%2FuhVWf5tMOyu5R2EADu4Pra5HIRuF2%2FS1HRtubPsvUQvs8GHq%2Bj7OvUNvyviyxeoI3z%2BL14z9v%2Fx%2BL9Zw%2FKmLQMOcYcrJcjQFs3u7PKccEdLuJh13gFOuABI1Cabywr1zQ3TaGfkdsxOv%2Bp53WSqpXfupfvQHGQjlBrQFXHE75YbLlxragaaIQX6kJDBj8D6QkZjCZcMNTR4jeTmX45QFxgmaSbVmdOmUKrwXvpxJRN64mBm9G8QruBkLDcHT62CQW75E89IRwgQlbgSOm3gN0MH65xTLXI85g1bH9pDDHICEQpPL7Rm%2B2fyhjEhHR&nvMid=29030376589&catId=50000248
Apple 아이폰 13 프로 128GB [LG U+],"799,950원",https://cr.shopping.naver.com/adcr.nhn?x=KLeA5iiyEGJ3JaDttPk79f%2F%2F%2Fw%3D%3Ds6GhxQeA1EeBNwQkFehsSSTzDJ1ubKSoApU8a8PM1kYKOO1gGvubExI2y9xF2ph5pZ1fx9CogISLiYk%2BnOPcXD8JYKZbKDyRgdNrQ%2BY0mXyoIdBWIDl3FhDZGWZH9F3muAH7OlaZYEZ4aQANw7owtmoBsJjzV%2F3vl5Lmd9HbkUGIF%2FEQHCkzp%2FoVy0fHDkCMI5lyObXcWZWt%2FLruFvkVuklNP%2F9CJheBrCWSTQseekctl8C7rYBEqh7WRnSBVUgLBjyLlF2r7DE%2BeoT13TcRxCasJF1TG8DXvuOXRWh2aiSE1QmeK3ZPITzKHcbEnR%2BI8PoTOOEKI8ESA6ceixsnokPP5bVHptupGdQJ9Bcu5HskftFRTsbvvXWnc5%2F7qDPun3ZXD%2FQrX0NOus%2BB3GCP4My6UxJeah0Om0lkIOZtT9ZLxLbU57LuNzmnFLwGq45KovtNin%2Brw3R1h4tZ%2FeJRj8Y9TZa7jwVfMpOkt40L0GTJJm%2F1ne9lUZdiLJ5vX8Pmze9hakkDeVDWwkB%2BydOdisyju1EVwGKZFZE6JBYZsEkz6C0XXk8ySaOQ0OaLzzIxFFXRMhlbvqEXh9dsbkY9t4%2FRRs2Tl2LVXyNQxua0eKL8GruH08DlKshetxY8KUEZb&nvMid=29030175590&catId=50000248
Apple 아이폰 13 프로 128GB [SKT],"1,183,300원",https://cr.shopping.naver.com/adcr.nhn?x=o73MHJ9CTZOtaBXAy70Ref%2F%2F%2Fw%3D%3Dsb4%2BBEMf6m%2FLNhd64eBD6jg2Ljz7N6dNqdEzSzMk8YxoXfmlaZeQqomjdtI9e3qsmD9YtpPa1om2YFbaHIckUPlQ8JehcZMCwyXzr2StV0s90Mkb0l%2F414RocKRFPSZP5nPVVJgCr2Fyg5UN86zCSPMOmY27ZGze0Q%2BtXRlM4OxtFSICBvI1ATDFN58yC%2Fe2xLifqG5k29juJy1Yg3GTZ8sdAmfSN83ChOoIPfneWzCavS7fnn7TEzbGYEdK0StlzAryBifsu%2F2Z5k4XiV4RIT6uKWQN4b7WstTXVRp4V%2Fd2Kx7G3krbJiQXzryuwwOqJmrY5Tb3iKRMGdsQuCnBWOqrTy8k6destDksAxN6ee6VcNZN5FF46Jqg7fDWNj5CaRBOKtfbk8pgCly8A9bSKB8IcmJywkR5Qyl4Eo5J991ZDk2nHMP4aHVCx%2FcONoE3uVxrykmdUCWVn8SXvu0QPtLTJi6wWY4mVKi4nXp1JNKpcZ8pgTGru4bgUYhRhw82x8hggUhMd2MhaIgNjFyqkeVGVPpLqCQCvNrsTvNO8ZisSzxwVRNV%2FYRemZK5z1sCEucELOdv6%2FvtgRowmIBIUGGeE106tbpoGGpliBdL4VIMdHI8FZtQVGFZJxOyBDKc%2B&nvMid=29030177588&catId=50000246
Apple 아이폰 13 프로 256GB [LG U+],"949,850원",https://cr.shopping.naver.com/adcr.nhn?x=cG3OXgqiCJhM7PHh7kjUY%2F%2F%2F%2Fw%3D%3DsmcavbUH3plzv36JTDqJQs0LFe7Nj4MgnfMKUiUD51csbsBKbbjTB%2BBCjsLv6tz%2BjbDHdwG9awVYUeL8GgN16wRBEB7%2Fy%2FRvMy1f%2FwRnTTdtM3XyyiTYoRJOHZQ%2BS8DNbmns6bsPhmZHnpMQR%2Bzm1BUgAn8lD2%2BxrgblrBqYwPdWug%2B9sjA7rHdeMLkY%2BwIMUMJUr%2Fr5heP7x50dYzAAW6TQZD6UDT51Dg8nNb9lI8fV%2BFLPJmN7kd5F0maTGsL0cwo4nN%2Fh3bGpDhkrJIFcQMYDdBfq9YfxvNmfUbQrZ6Jc%2Fa18qhDQ1A%2FKJp3fgBDor391W%2FC1w5SVs2sYtTdFSepW9ePQJZU5GH5wQtPqdQjcVjQCpIk5kx4sJW2hrRfnKqwZ9aKCnp%2BOD2OzgCp1jz%2FCFTvMPs8reyXJy9QfCQCqZzZyDfGo1SQoYRvXGDzWdJDnYvpfz%2Bh%2BZ6wVz3KJUXpoSJ4YK%2FhmXub29GG%2B9WM7pLKfV7lHXkGfYNhWiUOPtINRw1QNF%2FOPJXb5%2B358LYDVlxX6w7fTU%2BXdGNThYd5OUy967mlSa3mZfqZTLi6DqJwUiS%2BH%2FKvyoIlO3ylisDsqI%2FtH8PcgCcI0BUrBYTmxWhZ3SMHTcLlpircdRzUgq1JIslBmdxaTx7xO1%2BPPoWw%3D%3D&nvMid=29030415586&catId=50000248
Apple 아이폰 13 256GB [LG U+],"272,180원",https://cr.shopping.naver.com/adcr.nhn?x=CZ0tDdz8Z15ekksKOmJMeP%2F%2F%2Fw%3D%3Ds9qaR9Xjx89YpbG%2B%2Br6ImKl1G7N%2FFz9Fe16Q5WmgWdE9WQE1WikGGRjsm7ORTamZ7sN9POQRlb3v%2Bn386OypROt4BA%2BtZJ6z0uwjxJN%2FQWolB1nLO4P3mbky3ktE35aK0DIZ9KCzKE2i3fEBt%2BdrAZEPg%2F6PYJW9LpCSumzPJoiiI9aZyW4hhCgmcrsQhWGWGTwEWDiIsnrxQmvtZfIOOBfKAXVfyDB1yTbVYYpYzcFnUHxlEatbmVq7jmztE%2FywsFEkXSqf2Jmm4LZhyW5PBvtsGifgqn7MmDUNT3qkIiSjBz7%2BORHa%2BX777%2F5U82WuF5y7aWAZY6UxN2KPx87W%2Bwgp4H6kCWDNxAfpyVk%2FnPQT1QQzCLreNp8sjPDBjStixj1OT%2BvUJUOEzwKKBwf%2Fstc3TMKfDPuSjd8cGIdbb5jZFiBdPxTSuvYOb67FAYBAGCXV2B8r6mc9GdpPVxGCf8U8nkK7045HdcbXgl2QuhmRBskTaofqwA6IQD8JZOZb7HewFRW5%2Bi2bJ5IWvahPNq5Hx5NynOOmhfeqWSmMGlFG%2FhgaMkJIhbUi8HFdPXAb3yfk0n0%2Flmph9rKEIMwZ2R2O0QScdmj79W4Ike%2ByYeOsNUJgJp6CUXauCvW7Y5AjN&nvMid=29030189588&catId=50000248
Apple 아이폰 13 프로 512GB [LG U+],"988,980원",https://cr.shopping.naver.com/adcr.nhn?x=pINOS9jWl1x%2FclMFchV%2FdP%2F%2F%2Fw%3D%3DsnbVs2FrQgsKhnQ9unAeXGMgHVSN6BX05zAcuETeYbRthJz9H0Ub4KLvuVTVtNMxM61yYvgnAiXiL3tmR9eyP1ubAIXdMo8liOwEVHzv1DVxBS2Mm2CL7kSmjTe3JwZDF6XWx5P%2F15dPLiJkroaLl6si30QtKP1mA7BYZPpxeJLexWvZfe2todmJfmpbNrXnqIsGCGgJXjOrApw75v82D8rix7jXt7MNVc9AIu4EfDZlNEwRr%2B3STfYHGn%2FB5b3e4V8uTZ5YDv%2Fwlp%2BnTlA%2FfrhjiGsLeeEbAVkgi6eb5aJdr6kdrp7BvT8OlwZ7P37YyZp%2FuhVWf5tMOyu5R2EADu0mg6knx5KL2AyB8f6Va69DUQvs8GHq%2Bj7OvUNvyviyxeoI3z%2BL14z9v%2Fx%2BL9Zw%2FKgVLeMiVXYeZJHMK4Qy1jbEEdLuJh13gFOuABI1Cabywr1zQ3TaGfkdsxOv%2Bp53WSoxqwZBF0bVSsXUQll%2Baosn5YbLlxragaaIQX6kJDBj8D6QkZjCZcMNTR4jeTmX45SJUy3T%2BIlYQpGEpS867zNNRN64mBm9G8QruBkLDcHT6VXmiYa23iMTZlCunnQ%2BQ91%2FBQxaHvDPFsK%2BU3S6pNcPHICEQpPL7Rm%2B2fyhjEhHR&nvMid=29030295586&catId=50000248
Apple 아이폰 13 미니 512GB [LG U+],"448,980원",https://cr.shopping.naver.com/adcr.nhn?x=cLXWLiRrILQVBwAX2F1Hpv%2F%2F%2Fw%3D%3DsCuij2HNY%2BP%2FlAF4i2xdXbCELKTDJpb4Fmb2MU1ihGDxhJz9H0Ub4KLvuVTVtNMxM6SgqHzbS42UpJDO%2Biiwc%2BebAIXdMo8liOwEVHzv1DVxBS2Mm2CL7kSmjTe3JwZDF6XWx5P%2F15dPLiJkroaLl6si30QtKP1mA7BYZPpxeJLexWvZfe2todmJfmpbNrXnqmNCzWTrruETuuT6FCzP1m7ix7jXt7MNVc9AIu4EfDZlNEwRr%2B3STfYHGn%2FB5b3e4V8uTZ5YDv%2Fwlp%2BnTlA%2FfrhjiGsLeeEbAVkgi6eb5aJdr6kdrp7BvT8OlwZ7P37YyZp%2FuhVWf5tMOyu5R2EADu29vvQNZSYOEJL%2BazN81mHfUQvs8GHq%2Bj7OvUNvyviyxeoI3z%2BL14z9v%2Fx%2BL9Zw%2FKr8rTIOVPwRB9QzWGDf2%2BUQEdLuJh13gFOuABI1Cabywr1zQ3TaGfkdsxOv%2Bp53WSjwt7nBOa4olaWN8w934iK35YbLlxragaaIQX6kJDBj8D6QkZjCZcMNTR4jeTmX45bm9p1jkf9GKFxtlsZLm%2FzFRN64mBm9G8QruBkLDcHT6m0X0X0to8kOp1cSIxo1xY7vP2Aql9%2FXb%2BN4OHqmuwznHICEQpPL7Rm%2B2fyhjEhHR&nvMid=29030419586&catId=50000248
Apple 아이폰 13 프로 맥스 512GB [LG U+],"1,259,180원",https://cr.shopping.naver.com/adcr.nhn?x=IBnd%2FCUd%2BW9MbErZbCto7%2F%2F%2F%2Fw%3D%3DsMm6xmqgk2VY%2Buy2W1rd9v3pLUEzh6S0CaoBb2MQTAmthJz9H0Ub4KLvuVTVtNMxM90yQ8kYhxpjC%2Fl84Tv3ArubAIXdMo8liOwEVHzv1DVxBS2Mm2CL7kSmjTe3JwZDF6XWx5P%2F15dPLiJkroaLl6si30QtKP1mA7BYZPpxeJLexWvZfe2todmJfmpbNrXnqC8G1K0WqC%2BMx%2Bsb%2BJ3EYX7ix7jXt7MNVc9AIu4EfDZlNEwRr%2B3STfYHGn%2FB5b3e4V8uTZ5YDv%2Fwlp%2BnTlA%2FfrhjiGsLeeEbAVkgi6eb5aJdr6kdrp7BvT8OlwZ7P37YyZp%2FuhVWf5tMOyu5R2EADu3pKN8msiaa7%2BagKjPXngvjUQvs8GHq%2Bj7OvUNvyviyxeoI3z%2BL14z9v%2Fx%2BL9Zw%2FKl2FIVl8pyY4QZ56Kk3pFgMEdLuJh13gFOuABI1Cabywr1zQ3TaGfkdsxOv%2Bp53WSsJAdVJBQjLvH97jzqUKE8g2jlmQ9NlHBgdsAwMWaovqSZv9Z3vZVGXYiyeb1%2FD5s1J9ITVvpI89BM5YGHtfLIHPb5nIMRY7fGN3rxDlyQiGjr%2Fvhuz%2FM2bOeEg7k3nONXR%2FsF3yCer2AnRJV8sQvvDmIjcXtWMiCxjBN4Nc5dhYQdAiJdwXirBRdnaxfvrBbw%3D%3D&nvMid=29030181590&catId=50000248
Apple 아이폰 13 512GB [LG U+],"558,180원",https://cr.shopping.naver.com/adcr.nhn?x=Fv3tF0YZet1UVQJjPusHYv%2F%2F%2Fw%3D%3Ds%2BmRoY4ZQAA8DVoOahycZi419grgzhtW9ByOvPxwlg%2F9WQE1WikGGRjsm7ORTamZ7Vrjm2qWhgoeJHJFniH9pW94BA%2BtZJ6z0uwjxJN%2FQWolB1nLO4P3mbky3ktE35aK0DIZ9KCzKE2i3fEBt%2BdrAZEPg%2F6PYJW9LpCSumzPJoiiI9aZyW4hhCgmcrsQhWGWGX%2B2ylAMx2hZri%2F8qpxunmfKAXVfyDB1yTbVYYpYzcFnUHxlEatbmVq7jmztE%2FywsFEkXSqf2Jmm4LZhyW5PBvtsGifgqn7MmDUNT3qkIiSjBz7%2BORHa%2BX777%2F5U82WuF%2B5xnMRSdetzyvgE0czU0DZR2yPV1PREQWUv%2F00FWdc%2F1QQzCLreNp8sjPDBjStixj1OT%2BvUJUOEzwKKBwf%2FstWwMN2K9hcrs45tluKoxzQlFiBdPxTSuvYOb67FAYBAGZEiQcN5Y62iqKHankNOz3%2BD0cvk9jTjZ%2BuckMQRAROZBskTaofqwA6IQD8JZOZb7VYikJjdBFVbCkWDer%2B55Udikwjkz7CX7tVXSAUKXcaq%2FhgaMkJIhbUi8HFdPXAb38vj0Q3HRT4%2Fv53OWr94iw2O0QScdmj79W4Ike%2ByYeOsNUJgJp6CUXauCvW7Y5AjN&nvMid=29030296586&catId=50000248
Apple 아이폰 13 프로 맥스 128GB [LG U+],"949,850원",https://cr.shopping.naver.com/adcr.nhn?x=TLq%2Fd8rpc2uqbaRviHcyHf%2F%2F%2Fw%3D%3Dsws3MMzhiTqV7XMngJq58EVEFMMhoX4MRZBAd6lHbCyphJz9H0Ub4KLvuVTVtNMxM1bGjj6Hs%2FE9UbcfRCnuJpObAIXdMo8liOwEVHzv1DVxBS2Mm2CL7kSmjTe3JwZDF6XWx5P%2F15dPLiJkroaLl6si30QtKP1mA7BYZPpxeJLexWvZfe2todmJfmpbNrXnqW6RWFOvR2FN0g9uRh450ELix7jXt7MNVc9AIu4EfDZlNEwRr%2B3STfYHGn%2FB5b3e4V8uTZ5YDv%2Fwlp%2BnTlA%2FfrhjiGsLeeEbAVkgi6eb5aJdr6kdrp7BvT8OlwZ7P37YyZp%2FuhVWf5tMOyu5R2EADu%2BcsYigqyNM7qQS1tv2i0XzUQvs8GHq%2Bj7OvUNvyviyxeoI3z%2BL14z9v%2Fx%2BL9Zw%2FKrs34q4Ki7Nctg%2Fi3CwwoH0EdLuJh13gFOuABI1Cabywr1zQ3TaGfkdsxOv%2Bp53WSph2%2B170Lc%2Fh1s0cur%2FyDfmPU2Wu48FXzKTpLeNC9BkySZv9Z3vZVGXYiyeb1%2FD5sy7tDzI%2Ff%2FAJOnPObtgcUPLJRqSnjgdaSMN%2FP%2B2FJu2U%2BgtF15PMkmjkNDmi88yMRamTrb5SeJjxdE5dGgAZ5Lr0UbNk5di1V8jUMbmtHii%2FBq7h9PA5SrIXrcWPClBGWw%3D%3D&nvMid=29030352586&catId=50000248
Apple 아이폰 13 mini 자급제 128GB 핑크,"950,000원",https://cr.shopping.naver.com/adcr.nhn?x=ZCot%2Fcq0tRmsNmS01w3jC%2F%2F%2F%2Fw%3D%3Ds8i8zg0ULQ75qIvlggPvm09hzwqStXkOnb3nJ63SDcR9WQE1WikGGRjsm7ORTamZ7Gqitd1xKsjYI9SwL6O5g5N4BA%2BtZJ6z0uwjxJN%2FQWolB1nLO4P3mbky3ktE35aK0fvLBj%2BIazAVqgRdBK8BRCXzmYN%2Fcvl75AGnByk2TjWEm5OY6%2FBA05LWPXaqTF3xXnI3Q%2FuFm111yFJnQ1iq5B71Tu2YAED8FE1DskIgCmU0ZGe4cP7cVYU9o63cGbOe8CT0A%2Fhi0KCJEEZzc%2BFaeIxk%2FmKhin15cT4wq2TfBk4KQT%2F1%2BUqlrPlwXUnpD%2FFtprc%2FSgM3zUTLwj5gNyfdPM118On0%2B4OT76dMX121gsZ4Hs%2F2PHkpmvWjL2qy1nHuborWjBMHb7qGwem3OY%2FWQgh6TH92JD7OGFChgvfZ%2FBojHvY%2FUzN94OzIr5wG3PfiAtWvBS0ylHw6DvVIUpcXzTvdID%2FYpmiCgYGJjpYv2pwwU0KYvN65q1ZzViC%2BZXQ3UeD4nHsQ78AEvDYHXKjVE%2FzBmjh3WTqLtmMIT0y7CH0kHw6pdsvOyv%2BnpGjqBfkOQJB7PSUjslBNLW0Bc%2BNkvHwhYDBDT%2BfQiXKMlGmhtk1B0fSDbPWacYjnpFef5GzFxU1zg3T%2BliS59WUEzB46QySxIj2VWAyLsGN6Q912fPQUDfkLIyuldBS3f8m8e6nLmzUhNzs2VE%2B%2Bisqs3JAEppg%3D%3D&nvMid=29619937553&catId=50001519
아이폰13 미니 256GB 자급제 새상품,"877,820원",https://cr.shopping.naver.com/adcr.nhn?x=jNfvj6qeRBdZAPkW%2Bnphl%2F%2F%2F%2Fw%3D%3DsMVIEJD8hMSVDhC0pTgs522k1WZvIQd7oRB%2Brif6dZkpWQE1WikGGRjsm7ORTamZ7PrXbRiT0yAcngqgBHrTZVd4BA%2BtZJ6z0uwjxJN%2FQWolB1nLO4P3mbky3ktE35aK0RtTpax9PmjxqJ5XicXlvULD9cbDzdvBhYP28y8rhu4mr9N9rARz1GwL8SD%2B61y0rtht6oe4zyzwiMwjS9eCV0dya%2BQJSDkIByYYekFOs3mOLef3C8HydevcFA%2BLW1mRV%2FOIq6qLqW%2BXB7aAhUB%2FZQCVdN3LpKf%2FbKuiZi7z1XJT8XwblZXAigUmfSU8DyLCe2yI7Iwey%2ByeDlMdA46Xq0V2IIHHyb4ru3xG392XHuz660sIIi%2BtKZaIYNUmcB8YpjB5%2BwQwTWqlzZqCmwHkzL4OGIAQ9AwoyEAQDLTj9OXjRSkA0UhLrAwO5wCEwthdXctzn6ql1uopVOMjneau0zTvQPVPlS2u3hdCaXUpN2AGi1xPZAasIyoAbGzH5kgn0KYTOF5KsHq%2BigGAc1pAeZ%2F7VMqaYHHClAQX4TqbkzkZyarViwSj%2Bd3Km32gxVFJ3zdtBweXd5cMdZaF%2FiZ04hQau4fTwOUqyF63FjwpQRls%3D&nvMid=32358707400&catId=50001519
Apple 아이폰 13 미니 128GB 새상품 미개봉 미개통,"466,560원",https://cr.shopping.naver.com/adcr.nhn?x=Aaz%2BH%2BFHDDi82rHXqki6bP%2F%2F%2Fw%3D%3Dso2qeN4z5zc2GVyQ8T%2B9YqDMXhdX7BR8ZeP5vdd6%2BYXVhJz9H0Ub4KLvuVTVtNMxMDV%2B7mt58dwzIVLc612IZUObAIXdMo8liOwEVHzv1DVxBS2Mm2CL7kSmjTe3JwZDF6XWx5P%2F15dPLiJkroaLl6rDXn0IDLBCgN%2FK3%2BGwmqM%2BpFjjh%2FGPU%2BK9K7OXF%2BaHk0eX6N0xSuoVW6n8HgFyAbzqWCHdAHPmYglst694GIJpRADFDdyPWupCWt4kkMofGtIBWSUP9YvceZIunXTPSAl18On0%2B4OT76dMX121gsZ4Hs%2F2PHkpmvWjL2qy1nHubOa1xzuDNYxvcXulN0no4EqPfNjZPLMLhmzCTgqkGIGfHvY%2FUzN94OzIr5wG3PfiAaqNE4cJpRvVLnI8TWVe5%2BedI5A%2F2EvMgKnkZ%2BEJRO%2B0U0KYvN65q1ZzViC%2BZXQ3UC%2BPCK4hWZVak%2FmlGHuf2bNKAPdUYNPXz%2BK2Xov%2BZN3HekFKCtKlyQTHbV6rbF2Vm45qOdsSe2ARj70dYjZTytKdJJwULbKMedin0BIOkK%2FIjh5Nki9NGHC6dueG4%2FVney9O26Di8KMS%2BiGo7JDPn2Rd8RdxsJ5yHjnx3GTeEbHn8s3MLVM9XDGnW8OakBmzCaGimR4pR27mrh1IoDTOSgA%3D%3D&nvMid=34215633007&catId=50001519
애플 iPhone 아이폰 13 미니 128GB 256GB 5G 정품 자급제,"576,000원",https://cr.shopping.naver.com/adcr.nhn?x=X%2FHyDaN2A%2BL6plNwCRjU7f%2F%2F%2Fw%3D%3DsZORjlrfZgBTOi07r8JZ4MI60bhEzFHbTh%2Fb0nBQbL9BWQE1WikGGRjsm7ORTamZ7gXnnkOlyvzTKygQyBbEAqd4BA%2BtZJ6z0uwjxJN%2FQWolB1nLO4P3mbky3ktE35aK0azfoe0Xmrer%2BSH7ns9susIt2ZA0FpVCmeDurkYF5cmwrsB9LRUriY4ptLC3ROCQurIvFAB3xLu5xaAjmfNLZBnwxihsIJRXqxDaMknsWYHWUJqnw5yO0Sc7HKRKrafOTi3n9wvB8nXr3BQPi1tZkVfziKuqi6lvlwe2gIVAf2UAlXTdy6Sn%2F2yromYu89VyUOOmtLhDhGmi4eEygAMYJjtzqSBjjfqq9oJXrUe9SMvTqdi3Q%2Fm8V2A5jR123nAwZNBkgPtVBI9tkK2xWFJ8OO6mwMu%2F3%2BnKZ0mmTeweyrDKzSu6sAfr3UdcObIAWoNB9TGJ9IaSG1uPDVfU6OV%2BpMQ60PZi%2BWkjUAoXbuMT6kWXpsdEMUDA8gVXoZFnqOcyxqoPrmFTFB61l860TKYMK9DOkACQzOvXGogBXQuGk9ea7%2BuAVDgzsNY2WRqtoWAgKfAl5dudTqZlos35c9ihFnApyk%2BywRCX0UYaArw62eDlyk%2FmKQCLLf31AevVyhHK0zY6of2Xpggjm6A4Z8HgJhg%3D%3D&nvMid=35349446052&catId=50001519
Apple 아이폰 13 자급제 블루 128GB,"1,080,000원",https://cr.shopping.naver.com/adcr.nhn?x=o%2BEHE0lFwhEGo21eyQ8%2FDv%2F%2F%2Fw%3D%3DsSOSqdJRmJWoO%2BieZtFNgVqgj5cecMjrTc3JMXUyJ%2BIdhJz9H0Ub4KLvuVTVtNMxMF3N4kl5MN%2B2qN7kjz5bmO%2BbAIXdMo8liOwEVHzv1DVxBS2Mm2CL7kSmjTe3JwZDF6XWx5P%2F15dPLiJkroaLl6m3JzeXxkSdTecfUR4%2FvRQjd%2BKwjnmE8nmku4yNhWgwhmfLAARyRl0caaiEG3Q2bq6UsrdZNxDQb%2BDPWNOX6jNgs%2BnXGkM%2FXvsmAB4CtvjzKOO61CNShjbzWt35o0JoZeW0n4DJhRe1U8IVTDRTVND2iublBLPqjBpyMr35wpQywOPK2vxO5EipOu5KrlM7yMWqAeG1RLCZ4ACczz6hDXQcQhkkHXK4%2FmSRy5icYE%2F27BW36r4QZshREfg%2B3vq7RNrmFcKiE4s0X4NZUvcIx%2F0rf5TRm4ebkeqR55xTMCpWjS6nKoqtur6iGShqz9U6FbjWFgXNmTnODIr2AVWJfRuGcED4m3eDgP3evEaHPdaQEKARYJy8Ro5v0GBu8pg%2FYAskO1lApsTkAtv1gxNwBe9Qci9NJ0Y66Cap1A%2F0fq2i6mXRKmr6cgizXDsdcuiljUf%2B2bbKDiEILLajJd7EJ6GnCkd2CpQ%2FahgJeoF%2FR72TupGU%2B2SyoeK55gjMUAvSsikMSl1Qu5hWXkgTEDEvVQM1WhZ3SMHTcLlpircdRzUgq1JIslBmdxaTx7xO1%2BPPoWw%3D%3D&nvMid=29619782067&catId=50001519
Apple 아이폰 13 미니 128GB 새제품 미개봉 미개통,"440,000원",https://cr.shopping.naver.com/adcr.nhn?x=JHgNp0u9yKFvZPCd3LWNMP%2F%2F%2Fw%3D%3DsoXv8ABrYAz3IUVmaj8Ujx5%2Bm6rI80rQiFnGUdDiHN3JhJz9H0Ub4KLvuVTVtNMxMsN%2FZ61%2B70dB%2FbyHqFEoR5ebAIXdMo8liOwEVHzv1DVxBS2Mm2CL7kSmjTe3JwZDF6XWx5P%2F15dPLiJkroaLl6jaSZny%2B1MgSfJG5ocTRQNj1rIvubP2%2F%2BNF2sTRY2hEVN47xjbwvh17FJKNB53MwsEtiaRxmAZEiAc0%2Bma%2BcTgbffisv5tHfoGFh7RH%2BtSaOAFJNLWxG%2Fj2gEfGb7GroeJyuC4Jov6fAItksmPy3H1uJ%2FHt7GG95o%2FacnDNees9zV36ogsAbT2GMBHUreotiQOaGu%2BNMlJCEo63snWnGOdj8IJ4adMFSjIRp1Rgk6Oy1CWKtqEzHEmQn5LOdkQ9dKgPzQvOQpktRn2nqaAl90BithgxH%2BA7H%2F8WKKm%2FEL8BCmaFWDSYGIWjtMH8vecTOdPHATW9JGscp1kqmHP3w%2FNbECYVxyqUxmRwLKxElhQZQda%2F4ECperIRx0GIw%2FrMXsd3v7Lnv2KL6BAAcSOKZ%2B1anefAEEt7aY3nZ2Lum1iC1OX2XKcLvFYd8HkDoClNySwN%2BQsjK6V0FLd%2Fybx7qcubNSE3OzZUT76KyqzckASmm&nvMid=84939748480&catId=50001519
아이폰 13 pro max 256G 자급제 미개통 새상품,"1,501,610원",https://cr.shopping.naver.com/adcr.nhn?x=wr5nrjk15S9kPdos%2FvYWIv%2F%2F%2Fw%3D%3DsJg9CrRoUGqwpgKQTCkrU%2B%2BNYgmj7QzcGfN5iS3KgPXFWQE1WikGGRjsm7ORTamZ7HXWLEyH82escNI%2BO3y5vad4BA%2BtZJ6z0uwjxJN%2FQWolB1nLO4P3mbky3ktE35aK0RtTpax9PmjxqJ5XicXlvULD9cbDzdvBhYP28y8rhu4mr9N9rARz1GwL8SD%2B61y0rcu74B5ejherXiFmTOTu8fNjMWUacZK3JWpkbmOZd6JiLef3C8HydevcFA%2BLW1mRV%2FOIq6qLqW%2BXB7aAhUB%2FZQCVdN3LpKf%2FbKuiZi7z1XJSNMYSN6j8ZwtQJgnOa6Mxyne9m1UF0OAQwBR8kUkepTSvfCmiGWuFQRNFecKmBkk7F5X%2FRPQOecrXaNxDdy%2FMvjB5%2BwQwTWqlzZqCmwHkzL8GECnVO%2BQfskmkZtzrI6e647XF5PGf2u3xL8YaAbF5d20ekqy3gfajOXmb0Pk3nOjulBXMG7WVUNNGPsx5675dCFuSn1B0r8iXCr5xLHN7JwHD8hx2c8AnCk3Trx0MGpcKR3YKlD9qGAl6gX9HvZO4qf%2Bf8tKxdFrvOu6YF7FEEwHFN3r36okOl84MB782aplaFndIwdNwuWmKtx1HNSCrUkiyUGZ3FpPHvE7X48%2Bhb&nvMid=30313697664&catId=50001519
해외아이폰13미니 미국판 홍콩판 직구무음 언락폰공기계자급제 미개봉미활성화,"797,500원",https://cr.shopping.naver.com/adcr.nhn?x=B3714DfiSjsPUYIYF%2FAL%2Bv%2F%2F%2Fw%3D%3DsZAvQy2eam%2FiN2SdMOKYy3xoIcubsxfYMkGZtlzWaDsEbsBKbbjTB%2BBCjsLv6tz%2Bjzyo%2BWUj2OJvMxcmQbN0AKbSU8RoUfmZt3g2KbSfU7atM3XyyiTYoRJOHZQ%2BS8DNbmns6bsPhmZHnpMQR%2Bzm1BYZYgwI2fs40XR%2FERq%2FGNyfWK4fiV391hyKbNzjTTmNIVpwqXsgPSetRSvRRkwB2Yot5%2FcLwfJ169wUD4tbWZFX84irqoupb5cHtoCFQH9lAJV03cukp%2F9sq6JmLvPVclDe4yH91FjjqgqN9WcUs73eO9lkPLOAB0jPRIaJr0C6nx72P1MzfeDsyK%2BcBtz34gPftQXsHHfxaCl%2BnOVKM8LsHUpVaeiH8KJ6osbwiuyCVqwYTi7LGEqxrZHuGC4DVVQyrbLszrEPyeB40s2nX3AP%2B1Wowl3qHFhGTkKNFrtIvT4TNvTg8caLvZBa10%2BOBMFueb988Fyrk%2BzoLz76RcwpLJzZ6AR%2ByH77wiopjE03S%2F9JieusF61KOHn%2BKX7W1zUcPuhyQ%2BO0EDrLRmjUmWVPoM%2FgibDpLsrNxknzL7ILua1jS8Ua1hwiaLnWMxworxmtu%2FaHJM8C0ZqU7X9B99qf9bAbcn3MAsyrscfA3ru%2BHtRXcM8wssippC%2FW2dj8yZstVYavx%2B%2B8fWZa9SBc8rqM%3D&nvMid=84830466060&catId=50001519
아이폰 Apple 아이폰13 미니 256GB 구매가 57만원,"578,000원",https://cr.shopping.naver.com/adcr.nhn?x=nybXVBeeYhW%2F9GsYhxmxGf%2F%2F%2Fw%3D%3Ds4YuoQ7PNmpbtKq3dDySC19b1j6XkdHjY68nQtycjBLYbsBKbbjTB%2BBCjsLv6tz%2Bj4apalFlPopbGr5%2FAw63%2FuVlN%2FnaJxkFMbIha0nhGtylM3XyyiTYoRJOHZQ%2BS8DNbHosNe%2Fi01MzbfsMjd76uPiEZeoQHMcdY%2BBmIxWKmM6UYU9jgztfft7b6b5ZIhhGI5zq%2BSXh%2FmOUTYEDHT3kYiIsFwae0BHwdZpQbOfz6J3OuPWs2qmeBj2z4dCo50P8GkOdqIXxic7AxL9rH7EvzbSJiuf%2BuN2z0hTDr%2BqeT%2FlqPIuUXavsMT56hPXdNxHEJqwkXVMbwNe%2B45dFaHZqJITVCZ4rdk8hPModxsSdH4jwruW4f9GQP4xyOLrLMQYhvpxYzXqYGI9vAmdAp3BUvuwxuHr8vjNd4%2BuFGDp4U8hlH6HVGNGNiwHIR2CvumRBW3XChkvCt7%2FRzot8LxdC85paDbfIQggxCue0co08%2FWZJvMW5uM5I8j3vtyumeFnfJEwIi0nvlTmzoj59V0XXknL4f5lhFkHTVKPHDrHtiIzFcAcm60nHKuPgQ8vZOMj0CkjhlvfHcJsoQZJcKsVWud9Of4i9zFrBXE2548%2F2S161z4ISyk8yRpmhmkwVW7GmnnBuK6Ou7yHxyGjHHmODk1VLkzyzATfJUj4GOGy0m%2FzQGruH08DlKshetxY8KUEZb&nvMid=29860859288&catId=50001519
[자급제] 아이폰 13 프로 맥스 화이트 골드 블루,"1,430,000원",https://cr.shopping.naver.com/adcr.nhn?x=3xMyqg9NO%2FtgLHGJ34cpef%2F%2F%2Fw%3D%3DsgJN7ShYeVvGxQ8BwrBKEJS2kEHDMTJGBEh96Fw6W2BphJz9H0Ub4KLvuVTVtNMxMObW8Y3%2Bt32ETaWqXaKKyYubAIXdMo8liOwEVHzv1DVxBS2Mm2CL7kSmjTe3JwZDF6XWx5P%2F15dPLiJkroaLl6jaSZny%2B1MgSfJG5ocTRQNj1rIvubP2%2F%2BNF2sTRY2hEV%2F76Ni95g4qLaKOc6U2zwP0tiaRxmAZEiAc0%2Bma%2BcTgbffisv5tHfoGFh7RH%2BtSaOAFJNLWxG%2Fj2gEfGb7GroePwjRH4zesbY%2BHDdzhxX63wUuC5ORLI6WXiSBsY2QOeOV36ogsAbT2GMBHUreotiQC9DEmtMwgfAHzBuexGbLtVz%2Bh13rSdoEyxC3oq1WgGMp3aSSrYyem4lFD35t9E1qdtmoZoaPe%2BN2V6drLBg6ZhG%2BqgzR5xIOcZgJK1J0%2FfBfG45ajGbMsoY3uoEIXVZbhawQyYrj4stNMNmr6%2BfJRNB2pJUlUgHK9iHlKQqSy2v3zZwAC5ABtvXu9Tph60VhWxa3kepOwgQZUH1zUMqiFs8Y4ORlhXUv7HUGrJVZ3i4qMrq0%2BJhj6hrA0Wc8Ah9cLPyZrdKJEv%2FJ%2FBC%2BnMQ3fQGruH08DlKshetxY8KUEZb&nvMid=84979242171&catId=50001519
해외아이폰13프로 IPHONE13PRO 5G 홍콩판 듀얼심 공기계 자급제,"1,698,000원",https://cr.shopping.naver.com/adcr.nhn?x=zT2JlenpytYW95Rj8bSIh%2F%2F%2F%2Fw%3D%3DskehiUYuUOzDoteRfilwepdyH5oA%2BE2PMsu8yr0T%2FZeFhJz9H0Ub4KLvuVTVtNMxMjd9D0utXMfIcCiEVpIexd%2BbAIXdMo8liOwEVHzv1DVxBS2Mm2CL7kSmjTe3JwZDF6XWx5P%2F15dPLiJkroaLl6jaSZny%2B1MgSfJG5ocTRQNj1rIvubP2%2F%2BNF2sTRY2hEVHFonlF3bWbg%2Bn%2BRpepxKMEtiaRxmAZEiAc0%2Bma%2BcTgbffisv5tHfoGFh7RH%2BtSaOAFJNLWxG%2Fj2gEfGb7GroeMwnIWHdUMh%2BIC6cRs5jjyzgMwuM%2F1ItLtHDjfefOBLl6nYt0P5vFdgOY0ddt5wMGfcrUJjUDzgVf%2Bm0ZAREYoLw8qT74fYOUpM9IdfKyO5JRQSyLXERbFxzTPPz8XJ7xq1kY0ucKKvxf4lyBOGk8Q0TR2XRO7bfFAll1Jh9bPk%2BxaIU4yPtoC4wUIXBH0eaGkWF3RkjKmchzKOLjwBFRYoIMvagkgW9Vs%2BxQW4oDEPx73rqMfMRx%2BMajYRgq173DNOf4i9zFrBXE2548%2F2S163cuGht7cjn6nT4ehA%2BkKmecWeozr0ezWLD5jbdt852WB%2FVz9aLgnt8v57id%2BYRj2XHICEQpPL7Rm%2B2fyhjEhHR&nvMid=84984548842&catId=50001519
[대여] 핸드폰 아이폰렌탈 최신 iphone13 자급제 휴대폰렌탈 무약정 무보증 임대 - 5일 단기,"55,000원",https://cr.shopping.naver.com/adcr.nhn?x=QCxzlgcQbQJiGWp6Q7YYhf%2F%2F%2Fw%3D%3DsWW5KLgRLJFHfOQLPg3sVh9QXrkGSqlAlHMEWVWUugH8bsBKbbjTB%2BBCjsLv6tz%2Bj%2Bs1KuiBY0bUDcwfpZjce4w6%2BVtjfeKoycABDfJHr2V9M3XyyiTYoRJOHZQ%2BS8DNbmns6bsPhmZHnpMQR%2Bzm1BYZYgwI2fs40XR%2FERq%2FGNyfWK4fiV391hyKbNzjTTmNIPckHtVIp7LwTAc3zAgeV1Yt5%2FcLwfJ169wUD4tbWZFX84irqoupb5cHtoCFQH9lAJV03cukp%2F9sq6JmLvPVclJ4QYo8GG2ke8dDuOPDDkhYSTmcxkKqZ%2FdZD%2B47lrdqex72P1MzfeDsyK%2BcBtz34gLDnkhul%2BfREFWBEk%2FsljcX%2FPo%2FpKqMRt%2FRWhrSFfa6%2FkJoTsxWbKVl2IZeEmkGMxmAkdyCxJ6iPVGDAm7rKA8TN5RupIl522rGULOnG9mDi3RClmZzDiveNkW5DYxPXuvPI1xVicJ%2BUW5rH4V4YmJGBT6js9jPUR9AqzGhhpYsGHgkWJ8LwnK8P5qh04lizk8%2BsHE5XuuURnmVUlyLcfRxqEIfx%2Fq%2BR0CrjWRBN%2ByXKpMGrgKcU%2F4kxQu3Nru00DmtY0vFGtYcImi51jMcKK8YYBEFBMNcJkyTDcVPdyAzAdVd369WlTNwZJ04gqJQSXzRf1iSmZWDD7B1KDSdKa4VoaKZHilHbuauHUigNM5KA&nvMid=84389270157&catId=50001519
